center,left,right,steering,throttle,brake,speed
IMG/center_2017_01_09_19_40_17_377.jpg, IMG/left_2017_01_09_19_40_17_377.jpg, IMG/right_2017_01_09_19_40_17_377.jpg, 0, 0, 0, 0.2438034
IMG/center_2017_01_09_19_40_17_487.jpg, IMG/left_2017_01_09_19_40_17_487.jpg, IMG/right_2017_01_09_19_40_17_487.jpg, 0, 0, 0, 0.003577332
IMG/center_2017_01_09_19_40_17_588.jpg, IMG/left_2017_01_09_19_40_17_588.jpg, IMG/right_2017_01_09_19_40_17_588.jpg, 0, 0, 0, 0.0008616512
IMG/center_2017_01_09_19_40_17_692.jpg, IMG/left_2017_01_09_19_40_17_692.jpg, IMG/right_2017_01_09_19_40_17_692.jpg, 0, 0, 0, 0.0006363924
IMG/center_2017_01_09_19_40_17_794.jpg, IMG/left_2017_01_09_19_40_17_794.jpg, IMG/right_2017_01_09_19_40_17_794.jpg, 0, 0, 0, 0.0003263406
IMG/center_2017_01_09_19_40_18_738.jpg, IMG/left_2017_01_09_19_40_18_738.jpg, IMG/right_2017_01_09_19_40_18_738.jpg, 0, 1, 0, 4.790238
IMG/center_2017_01_09_19_40_18_840.jpg, IMG/left_2017_01_09_19_40_18_840.jpg, IMG/right_2017_01_09_19_40_18_840.jpg, 0, 1, 0, 6.172656
IMG/center_2017_01_09_19_40_18_947.jpg, IMG/left_2017_01_09_19_40_18_947.jpg, IMG/right_2017_01_09_19_40_18_947.jpg, 0, 1, 0, 7.312422
IMG/center_2017_01_09_19_40_19_052.jpg, IMG/left_2017_01_09_19_40_19_052.jpg, IMG/right_2017_01_09_19_40_19_052.jpg, 0.076662, 1, 0, 8.440085
IMG/center_2017_01_09_19_40_19_154.jpg, IMG/left_2017_01_09_19_40_19_154.jpg, IMG/right_2017_01_09_19_40_19_154.jpg, 0.2879609, 1, 0, 9.528809
IMG/center_2017_01_09_19_40_19_260.jpg, IMG/left_2017_01_09_19_40_19_260.jpg, IMG/right_2017_01_09_19_40_19_260.jpg, 0, 1, 0, 10.85315
IMG/center_2017_01_09_19_40_19_363.jpg, IMG/left_2017_01_09_19_40_19_363.jpg, IMG/right_2017_01_09_19_40_19_363.jpg, 0, 1, 0, 12.07483
IMG/center_2017_01_09_19_40_19_463.jpg, IMG/left_2017_01_09_19_40_19_463.jpg, IMG/right_2017_01_09_19_40_19_463.jpg, 0, 1, 0, 13.05201
IMG/center_2017_01_09_19_40_19_565.jpg, IMG/left_2017_01_09_19_40_19_565.jpg, IMG/right_2017_01_09_19_40_19_565.jpg, 0, 1, 0, 14.16138
IMG/center_2017_01_09_19_40_19_671.jpg, IMG/left_2017_01_09_19_40_19_671.jpg, IMG/right_2017_01_09_19_40_19_671.jpg, 0, 1, 0, 15.11544
IMG/center_2017_01_09_19_40_19_776.jpg, IMG/left_2017_01_09_19_40_19_776.jpg, IMG/right_2017_01_09_19_40_19_776.jpg, 0, 1, 0, 16.24686
IMG/center_2017_01_09_19_40_19_885.jpg, IMG/left_2017_01_09_19_40_19_885.jpg, IMG/right_2017_01_09_19_40_19_885.jpg, 0, 1, 0, 17.48407
IMG/center_2017_01_09_19_40_19_988.jpg, IMG/left_2017_01_09_19_40_19_988.jpg, IMG/right_2017_01_09_19_40_19_988.jpg, 0, 1, 0, 18.48334
IMG/center_2017_01_09_19_40_20_093.jpg, IMG/left_2017_01_09_19_40_20_093.jpg, IMG/right_2017_01_09_19_40_20_093.jpg, 0.224772, 1, 0, 19.50068
IMG/center_2017_01_09_19_40_20_194.jpg, IMG/left_2017_01_09_19_40_20_194.jpg, IMG/right_2017_01_09_19_40_20_194.jpg, 0.08103884, 1, 0, 20.4817
IMG/center_2017_01_09_19_40_20_299.jpg, IMG/left_2017_01_09_19_40_20_299.jpg, IMG/right_2017_01_09_19_40_20_299.jpg, 0, 1, 0, 21.68082
IMG/center_2017_01_09_19_40_20_407.jpg, IMG/left_2017_01_09_19_40_20_407.jpg, IMG/right_2017_01_09_19_40_20_407.jpg, 0.1785091, 1, 0, 22.65573
IMG/center_2017_01_09_19_40_20_511.jpg, IMG/left_2017_01_09_19_40_20_511.jpg, IMG/right_2017_01_09_19_40_20_511.jpg, 0.02076888, 1, 0, 23.61835
IMG/center_2017_01_09_19_40_20_613.jpg, IMG/left_2017_01_09_19_40_20_613.jpg, IMG/right_2017_01_09_19_40_20_613.jpg, 0, 1, 0, 24.59123
IMG/center_2017_01_09_19_40_20_714.jpg, IMG/left_2017_01_09_19_40_20_714.jpg, IMG/right_2017_01_09_19_40_20_714.jpg, 0, 1, 0, 25.55589
IMG/center_2017_01_09_19_40_20_817.jpg, IMG/left_2017_01_09_19_40_20_817.jpg, IMG/right_2017_01_09_19_40_20_817.jpg, 0, 1, 0, 26.50863
IMG/center_2017_01_09_19_40_20_920.jpg, IMG/left_2017_01_09_19_40_20_920.jpg, IMG/right_2017_01_09_19_40_20_920.jpg, 0, 1, 0, 27.64596
IMG/center_2017_01_09_19_40_21_035.jpg, IMG/left_2017_01_09_19_40_21_035.jpg, IMG/right_2017_01_09_19_40_21_035.jpg, 0, 1, 0, 28.57976
IMG/center_2017_01_09_19_40_21_135.jpg, IMG/left_2017_01_09_19_40_21_135.jpg, IMG/right_2017_01_09_19_40_21_135.jpg, 0, 1, 0, 29.50275
IMG/center_2017_01_09_19_40_21_243.jpg, IMG/left_2017_01_09_19_40_21_243.jpg, IMG/right_2017_01_09_19_40_21_243.jpg, 0, 1, 0, 30.18941
IMG/center_2017_01_09_19_40_21_348.jpg, IMG/left_2017_01_09_19_40_21_348.jpg, IMG/right_2017_01_09_19_40_21_348.jpg, 0, 1, 0, 30.19146
IMG/center_2017_01_09_19_40_21_449.jpg, IMG/left_2017_01_09_19_40_21_449.jpg, IMG/right_2017_01_09_19_40_21_449.jpg, 0, 1, 0, 30.19031
IMG/center_2017_01_09_19_40_21_556.jpg, IMG/left_2017_01_09_19_40_21_556.jpg, IMG/right_2017_01_09_19_40_21_556.jpg, 0, 1, 0, 30.19106
IMG/center_2017_01_09_19_40_21_662.jpg, IMG/left_2017_01_09_19_40_21_662.jpg, IMG/right_2017_01_09_19_40_21_662.jpg, 0, 1, 0, 30.18951
IMG/center_2017_01_09_19_40_30_313.jpg, IMG/left_2017_01_09_19_40_30_313.jpg, IMG/right_2017_01_09_19_40_30_313.jpg, 0, 0, 0, 3.646928
IMG/center_2017_01_09_19_40_30_418.jpg, IMG/left_2017_01_09_19_40_30_418.jpg, IMG/right_2017_01_09_19_40_30_418.jpg, 0, 0.1395419, 0, 3.658727
IMG/center_2017_01_09_19_40_30_528.jpg, IMG/left_2017_01_09_19_40_30_528.jpg, IMG/right_2017_01_09_19_40_30_528.jpg, 0, 0.514131, 0, 4.114806
IMG/center_2017_01_09_19_40_30_632.jpg, IMG/left_2017_01_09_19_40_30_632.jpg, IMG/right_2017_01_09_19_40_30_632.jpg, 0, 0.8022299, 0, 4.890064
IMG/center_2017_01_09_19_40_30_733.jpg, IMG/left_2017_01_09_19_40_30_733.jpg, IMG/right_2017_01_09_19_40_30_733.jpg, 0, 1, 0, 5.979794
IMG/center_2017_01_09_19_40_30_839.jpg, IMG/left_2017_01_09_19_40_30_839.jpg, IMG/right_2017_01_09_19_40_30_839.jpg, 0, 1, 0, 7.348834
IMG/center_2017_01_09_19_40_30_943.jpg, IMG/left_2017_01_09_19_40_30_943.jpg, IMG/right_2017_01_09_19_40_30_943.jpg, 0, 0.7465659, 0, 8.312791
IMG/center_2017_01_09_19_40_31_057.jpg, IMG/left_2017_01_09_19_40_31_057.jpg, IMG/right_2017_01_09_19_40_31_057.jpg, 0, 0.4040829, 0, 8.91506
IMG/center_2017_01_09_19_40_31_158.jpg, IMG/left_2017_01_09_19_40_31_158.jpg, IMG/right_2017_01_09_19_40_31_158.jpg, 0.2574989, 0.146584, 0, 9.168558
IMG/center_2017_01_09_19_40_31_265.jpg, IMG/left_2017_01_09_19_40_31_265.jpg, IMG/right_2017_01_09_19_40_31_265.jpg, 0, 0, 0, 9.084448
IMG/center_2017_01_09_19_40_31_365.jpg, IMG/left_2017_01_09_19_40_31_365.jpg, IMG/right_2017_01_09_19_40_31_365.jpg, 0, 0.04542893, 0, 8.998687
IMG/center_2017_01_09_19_40_31_475.jpg, IMG/left_2017_01_09_19_40_31_475.jpg, IMG/right_2017_01_09_19_40_31_475.jpg, 0, 0.3414209, 0, 9.173611
IMG/center_2017_01_09_19_40_31_583.jpg, IMG/left_2017_01_09_19_40_31_583.jpg, IMG/right_2017_01_09_19_40_31_583.jpg, 0, 0.699378, 0, 9.846206
IMG/center_2017_01_09_19_40_31_691.jpg, IMG/left_2017_01_09_19_40_31_691.jpg, IMG/right_2017_01_09_19_40_31_691.jpg, 0, 1, 0, 10.78266
IMG/center_2017_01_09_19_40_31_793.jpg, IMG/left_2017_01_09_19_40_31_793.jpg, IMG/right_2017_01_09_19_40_31_793.jpg, 0.208923, 1, 0, 11.98495
IMG/center_2017_01_09_19_40_31_895.jpg, IMG/left_2017_01_09_19_40_31_895.jpg, IMG/right_2017_01_09_19_40_31_895.jpg, 0.1296929, 1, 0, 12.70159
IMG/center_2017_01_09_19_40_31_999.jpg, IMG/left_2017_01_09_19_40_31_999.jpg, IMG/right_2017_01_09_19_40_31_999.jpg, 0, 1, 0, 14.24759
IMG/center_2017_01_09_19_40_32_099.jpg, IMG/left_2017_01_09_19_40_32_099.jpg, IMG/right_2017_01_09_19_40_32_099.jpg, 0.1987141, 1, 0, 15.27244
IMG/center_2017_01_09_19_40_32_201.jpg, IMG/left_2017_01_09_19_40_32_201.jpg, IMG/right_2017_01_09_19_40_32_201.jpg, 0.1199461, 1, 0, 16.393
IMG/center_2017_01_09_19_40_32_304.jpg, IMG/left_2017_01_09_19_40_32_304.jpg, IMG/right_2017_01_09_19_40_32_304.jpg, 0, 1, 0, 17.30677
IMG/center_2017_01_09_19_40_32_408.jpg, IMG/left_2017_01_09_19_40_32_408.jpg, IMG/right_2017_01_09_19_40_32_408.jpg, 0.116154, 1, 0, 18.4994
IMG/center_2017_01_09_19_40_32_514.jpg, IMG/left_2017_01_09_19_40_32_514.jpg, IMG/right_2017_01_09_19_40_32_514.jpg, 0.1512539, 1, 0, 19.35196
IMG/center_2017_01_09_19_40_32_616.jpg, IMG/left_2017_01_09_19_40_32_616.jpg, IMG/right_2017_01_09_19_40_32_616.jpg, 0, 1, 0, 20.48471
IMG/center_2017_01_09_19_40_32_718.jpg, IMG/left_2017_01_09_19_40_32_718.jpg, IMG/right_2017_01_09_19_40_32_718.jpg, 0, 1, 0, 21.41317
IMG/center_2017_01_09_19_40_32_824.jpg, IMG/left_2017_01_09_19_40_32_824.jpg, IMG/right_2017_01_09_19_40_32_824.jpg, 0, 1, 0, 22.62539
IMG/center_2017_01_09_19_40_32_932.jpg, IMG/left_2017_01_09_19_40_32_932.jpg, IMG/right_2017_01_09_19_40_32_932.jpg, 0, 1, 0, 23.62855
IMG/center_2017_01_09_19_40_33_039.jpg, IMG/left_2017_01_09_19_40_33_039.jpg, IMG/right_2017_01_09_19_40_33_039.jpg, 0, 0.75364, 0, 24.673
IMG/center_2017_01_09_19_40_33_141.jpg, IMG/left_2017_01_09_19_40_33_141.jpg, IMG/right_2017_01_09_19_40_33_141.jpg, -0.142026, 0.447817, 0, 25.14511
IMG/center_2017_01_09_19_40_33_241.jpg, IMG/left_2017_01_09_19_40_33_241.jpg, IMG/right_2017_01_09_19_40_33_241.jpg, -0.4426321, 0.147211, 0, 25.14734
IMG/center_2017_01_09_19_40_33_342.jpg, IMG/left_2017_01_09_19_40_33_342.jpg, IMG/right_2017_01_09_19_40_33_342.jpg, -0.6965702, 0, 0, 24.662
IMG/center_2017_01_09_19_40_33_448.jpg, IMG/left_2017_01_09_19_40_33_448.jpg, IMG/right_2017_01_09_19_40_33_448.jpg, -0.4019342, 0, 0, 24.36185
IMG/center_2017_01_09_19_40_41_698.jpg, IMG/left_2017_01_09_19_40_41_698.jpg, IMG/right_2017_01_09_19_40_41_698.jpg, 0, 0, 0, 9.955441
IMG/center_2017_01_09_19_40_41_805.jpg, IMG/left_2017_01_09_19_40_41_805.jpg, IMG/right_2017_01_09_19_40_41_805.jpg, -0.12486, 0, 0, 9.813396
IMG/center_2017_01_09_19_40_41_915.jpg, IMG/left_2017_01_09_19_40_41_915.jpg, IMG/right_2017_01_09_19_40_41_915.jpg, -0.453786, 0, 0, 9.68551
IMG/center_2017_01_09_19_40_42_015.jpg, IMG/left_2017_01_09_19_40_42_015.jpg, IMG/right_2017_01_09_19_40_42_015.jpg, -0.5970449, 0, 0, 9.551633
IMG/center_2017_01_09_19_40_42_117.jpg, IMG/left_2017_01_09_19_40_42_117.jpg, IMG/right_2017_01_09_19_40_42_117.jpg, -0.291576, 0, 0, 9.49214
IMG/center_2017_01_09_19_40_42_220.jpg, IMG/left_2017_01_09_19_40_42_220.jpg, IMG/right_2017_01_09_19_40_42_220.jpg, 0, 0.06269091, 0, 9.375623
IMG/center_2017_01_09_19_40_42_321.jpg, IMG/left_2017_01_09_19_40_42_321.jpg, IMG/right_2017_01_09_19_40_42_321.jpg, 0, 0.2011349, 0, 9.518115
IMG/center_2017_01_09_19_40_42_427.jpg, IMG/left_2017_01_09_19_40_42_427.jpg, IMG/right_2017_01_09_19_40_42_427.jpg, 0, 0, 0, 9.488852
IMG/center_2017_01_09_19_40_42_534.jpg, IMG/left_2017_01_09_19_40_42_534.jpg, IMG/right_2017_01_09_19_40_42_534.jpg, 0, 0, 0, 9.39471
IMG/center_2017_01_09_19_40_42_638.jpg, IMG/left_2017_01_09_19_40_42_638.jpg, IMG/right_2017_01_09_19_40_42_638.jpg, -0.2878409, 0, 0, 9.280967
IMG/center_2017_01_09_19_40_42_742.jpg, IMG/left_2017_01_09_19_40_42_742.jpg, IMG/right_2017_01_09_19_40_42_742.jpg, -0.6450149, 0, 0, 9.082671
IMG/center_2017_01_09_19_40_42_849.jpg, IMG/left_2017_01_09_19_40_42_849.jpg, IMG/right_2017_01_09_19_40_42_849.jpg, -0.941808, 0.1150169, 0, 9.016103
IMG/center_2017_01_09_19_40_42_952.jpg, IMG/left_2017_01_09_19_40_42_952.jpg, IMG/right_2017_01_09_19_40_42_952.jpg, -1, 0, 0, 8.861259
IMG/center_2017_01_09_19_40_43_054.jpg, IMG/left_2017_01_09_19_40_43_054.jpg, IMG/right_2017_01_09_19_40_43_054.jpg, -0.731644, 0, 0, 8.806689
IMG/center_2017_01_09_19_40_43_158.jpg, IMG/left_2017_01_09_19_40_43_158.jpg, IMG/right_2017_01_09_19_40_43_158.jpg, -0.4226681, 0, 0, 8.764071
IMG/center_2017_01_09_19_40_43_264.jpg, IMG/left_2017_01_09_19_40_43_264.jpg, IMG/right_2017_01_09_19_40_43_264.jpg, -0.06322902, 0, 0, 8.668983
IMG/center_2017_01_09_19_40_43_369.jpg, IMG/left_2017_01_09_19_40_43_369.jpg, IMG/right_2017_01_09_19_40_43_369.jpg, 0, 0, 0, 8.580688
IMG/center_2017_01_09_19_40_43_471.jpg, IMG/left_2017_01_09_19_40_43_471.jpg, IMG/right_2017_01_09_19_40_43_471.jpg, 0, 0, 0, 8.502621
IMG/center_2017_01_09_19_40_43_575.jpg, IMG/left_2017_01_09_19_40_43_575.jpg, IMG/right_2017_01_09_19_40_43_575.jpg, 0.117717, 0, 0, 8.421633
IMG/center_2017_01_09_19_40_43_680.jpg, IMG/left_2017_01_09_19_40_43_680.jpg, IMG/right_2017_01_09_19_40_43_680.jpg, 0.1496488, 0, 0, 8.301588
IMG/center_2017_01_09_19_40_43_784.jpg, IMG/left_2017_01_09_19_40_43_784.jpg, IMG/right_2017_01_09_19_40_43_784.jpg, 0.105936, 0, 0, 8.221159
IMG/center_2017_01_09_19_40_43_885.jpg, IMG/left_2017_01_09_19_40_43_885.jpg, IMG/right_2017_01_09_19_40_43_885.jpg, 0.2296799, 0, 0, 8.120163
IMG/center_2017_01_09_19_40_43_987.jpg, IMG/left_2017_01_09_19_40_43_987.jpg, IMG/right_2017_01_09_19_40_43_987.jpg, 0.1393678, 0, 0, 8.043073
IMG/center_2017_01_09_19_40_44_090.jpg, IMG/left_2017_01_09_19_40_44_090.jpg, IMG/right_2017_01_09_19_40_44_090.jpg, 0.1911567, 0, 0, 7.9517
IMG/center_2017_01_09_19_40_44_193.jpg, IMG/left_2017_01_09_19_40_44_193.jpg, IMG/right_2017_01_09_19_40_44_193.jpg, 0, 0, 0, 7.872043
IMG/center_2017_01_09_19_40_44_298.jpg, IMG/left_2017_01_09_19_40_44_298.jpg, IMG/right_2017_01_09_19_40_44_298.jpg, 0.226527, 0, 0, 7.786675
IMG/center_2017_01_09_19_40_44_398.jpg, IMG/left_2017_01_09_19_40_44_398.jpg, IMG/right_2017_01_09_19_40_44_398.jpg, 0.0997619, 0, 0, 7.697293
IMG/center_2017_01_09_19_40_44_503.jpg, IMG/left_2017_01_09_19_40_44_503.jpg, IMG/right_2017_01_09_19_40_44_503.jpg, 0, 0, 0, 7.60409
IMG/center_2017_01_09_19_40_44_603.jpg, IMG/left_2017_01_09_19_40_44_603.jpg, IMG/right_2017_01_09_19_40_44_603.jpg, 0, 0, 0, 7.531308
IMG/center_2017_01_09_19_40_44_704.jpg, IMG/left_2017_01_09_19_40_44_704.jpg, IMG/right_2017_01_09_19_40_44_704.jpg, 0, 0, 0, 7.459317
IMG/center_2017_01_09_19_40_44_810.jpg, IMG/left_2017_01_09_19_40_44_810.jpg, IMG/right_2017_01_09_19_40_44_810.jpg, 0, 0, 0, 7.388042
IMG/center_2017_01_09_19_40_44_912.jpg, IMG/left_2017_01_09_19_40_44_912.jpg, IMG/right_2017_01_09_19_40_44_912.jpg, 0, 0, 0, 7.317482
IMG/center_2017_01_09_19_40_45_013.jpg, IMG/left_2017_01_09_19_40_45_013.jpg, IMG/right_2017_01_09_19_40_45_013.jpg, 0, 0, 0, 7.24763
IMG/center_2017_01_09_19_40_45_117.jpg, IMG/left_2017_01_09_19_40_45_117.jpg, IMG/right_2017_01_09_19_40_45_117.jpg, 0, 0, 0, 7.17848
IMG/center_2017_01_09_19_40_45_224.jpg, IMG/left_2017_01_09_19_40_45_224.jpg, IMG/right_2017_01_09_19_40_45_224.jpg, 0, 0, 0, 7.096036
IMG/center_2017_01_09_19_40_45_325.jpg, IMG/left_2017_01_09_19_40_45_325.jpg, IMG/right_2017_01_09_19_40_45_325.jpg, 0, 0, 0, 7.02633
IMG/center_2017_01_09_19_40_50_657.jpg, IMG/left_2017_01_09_19_40_50_657.jpg, IMG/right_2017_01_09_19_40_50_657.jpg, 0, 0, 0, 7.020395
IMG/center_2017_01_09_19_40_50_760.jpg, IMG/left_2017_01_09_19_40_50_760.jpg, IMG/right_2017_01_09_19_40_50_760.jpg, 0, 0, 0, 6.929817
IMG/center_2017_01_09_19_40_50_864.jpg, IMG/left_2017_01_09_19_40_50_864.jpg, IMG/right_2017_01_09_19_40_50_864.jpg, 0, 0, 0, 6.855177
IMG/center_2017_01_09_19_40_50_968.jpg, IMG/left_2017_01_09_19_40_50_968.jpg, IMG/right_2017_01_09_19_40_50_968.jpg, 0, 0, 0, 6.781294
IMG/center_2017_01_09_19_40_51_071.jpg, IMG/left_2017_01_09_19_40_51_071.jpg, IMG/right_2017_01_09_19_40_51_071.jpg, 0, 0, 0, 6.708161
IMG/center_2017_01_09_19_40_51_172.jpg, IMG/left_2017_01_09_19_40_51_172.jpg, IMG/right_2017_01_09_19_40_51_172.jpg, 0, 0, 0, 6.63548
IMG/center_2017_01_09_19_40_51_274.jpg, IMG/left_2017_01_09_19_40_51_274.jpg, IMG/right_2017_01_09_19_40_51_274.jpg, 0, 0, 0, 6.563327
IMG/center_2017_01_09_19_40_51_376.jpg, IMG/left_2017_01_09_19_40_51_376.jpg, IMG/right_2017_01_09_19_40_51_376.jpg, 0, 0, 0, 6.491894
IMG/center_2017_01_09_19_40_51_481.jpg, IMG/left_2017_01_09_19_40_51_481.jpg, IMG/right_2017_01_09_19_40_51_481.jpg, 0.07777494, 0, 0, 6.406601
IMG/center_2017_01_09_19_40_51_587.jpg, IMG/left_2017_01_09_19_40_51_587.jpg, IMG/right_2017_01_09_19_40_51_587.jpg, 0.3768929, 0, 0, 6.313252
IMG/center_2017_01_09_19_40_51_692.jpg, IMG/left_2017_01_09_19_40_51_692.jpg, IMG/right_2017_01_09_19_40_51_692.jpg, 0.08011794, 0, 0, 6.247825
IMG/center_2017_01_09_19_40_51_797.jpg, IMG/left_2017_01_09_19_40_51_797.jpg, IMG/right_2017_01_09_19_40_51_797.jpg, 0, 0, 0, 6.174898
IMG/center_2017_01_09_19_40_51_898.jpg, IMG/left_2017_01_09_19_40_51_898.jpg, IMG/right_2017_01_09_19_40_51_898.jpg, 0.261519, 0, 0, 6.099593
IMG/center_2017_01_09_19_40_52_000.jpg, IMG/left_2017_01_09_19_40_52_000.jpg, IMG/right_2017_01_09_19_40_52_000.jpg, 0.6094978, 0, 0, 5.971251
IMG/center_2017_01_09_19_40_52_111.jpg, IMG/left_2017_01_09_19_40_52_111.jpg, IMG/right_2017_01_09_19_40_52_111.jpg, 0.9340979, 0, 0, 5.83166
IMG/center_2017_01_09_19_40_52_211.jpg, IMG/left_2017_01_09_19_40_52_211.jpg, IMG/right_2017_01_09_19_40_52_211.jpg, 0.9379419, 0, 0, 5.72257
IMG/center_2017_01_09_19_40_52_313.jpg, IMG/left_2017_01_09_19_40_52_313.jpg, IMG/right_2017_01_09_19_40_52_313.jpg, 0.631234, 0, 0, 5.698336
IMG/center_2017_01_09_19_40_52_419.jpg, IMG/left_2017_01_09_19_40_52_419.jpg, IMG/right_2017_01_09_19_40_52_419.jpg, 0.3332529, 0, 0, 5.665848
IMG/center_2017_01_09_19_40_52_520.jpg, IMG/left_2017_01_09_19_40_52_520.jpg, IMG/right_2017_01_09_19_40_52_520.jpg, 0, 0.124854, 0, 5.644554
IMG/center_2017_01_09_19_40_52_625.jpg, IMG/left_2017_01_09_19_40_52_625.jpg, IMG/right_2017_01_09_19_40_52_625.jpg, 0, 0.440442, 0, 5.965978
IMG/center_2017_01_09_19_40_52_728.jpg, IMG/left_2017_01_09_19_40_52_728.jpg, IMG/right_2017_01_09_19_40_52_728.jpg, 0, 0.1518059, 0, 6.251931
IMG/center_2017_01_09_19_40_52_831.jpg, IMG/left_2017_01_09_19_40_52_831.jpg, IMG/right_2017_01_09_19_40_52_831.jpg, 0, 0, 0, 6.226289
IMG/center_2017_01_09_19_40_52_936.jpg, IMG/left_2017_01_09_19_40_52_936.jpg, IMG/right_2017_01_09_19_40_52_936.jpg, 0.2194499, 0, 0, 6.159611
IMG/center_2017_01_09_19_40_53_040.jpg, IMG/left_2017_01_09_19_40_53_040.jpg, IMG/right_2017_01_09_19_40_53_040.jpg, 0.1448309, 0, 0, 6.077515
IMG/center_2017_01_09_19_40_53_140.jpg, IMG/left_2017_01_09_19_40_53_140.jpg, IMG/right_2017_01_09_19_40_53_140.jpg, 0, 0.185601, 0, 6.108642
IMG/center_2017_01_09_19_40_53_246.jpg, IMG/left_2017_01_09_19_40_53_246.jpg, IMG/right_2017_01_09_19_40_53_246.jpg, 0, 0.2493451, 0, 6.410573
IMG/center_2017_01_09_19_40_53_367.jpg, IMG/left_2017_01_09_19_40_53_367.jpg, IMG/right_2017_01_09_19_40_53_367.jpg, 0, 0, 0, 6.437386
IMG/center_2017_01_09_19_40_53_466.jpg, IMG/left_2017_01_09_19_40_53_466.jpg, IMG/right_2017_01_09_19_40_53_466.jpg, 0, 0.01955992, 0, 6.380182
IMG/center_2017_01_09_19_40_53_566.jpg, IMG/left_2017_01_09_19_40_53_566.jpg, IMG/right_2017_01_09_19_40_53_566.jpg, 0, 0.2028478, 0, 6.527217
IMG/center_2017_01_09_19_40_53_668.jpg, IMG/left_2017_01_09_19_40_53_668.jpg, IMG/right_2017_01_09_19_40_53_668.jpg, 0, 0, 0, 6.518325
IMG/center_2017_01_09_19_40_53_771.jpg, IMG/left_2017_01_09_19_40_53_771.jpg, IMG/right_2017_01_09_19_40_53_771.jpg, 0.06346786, 0, 0, 6.456044
IMG/center_2017_01_09_19_40_53_891.jpg, IMG/left_2017_01_09_19_40_53_891.jpg, IMG/right_2017_01_09_19_40_53_891.jpg, 0.1847219, 0, 0, 6.369462
IMG/center_2017_01_09_19_40_54_005.jpg, IMG/left_2017_01_09_19_40_54_005.jpg, IMG/right_2017_01_09_19_40_54_005.jpg, 0, 0, 0, 6.293881
IMG/center_2017_01_09_19_40_54_107.jpg, IMG/left_2017_01_09_19_40_54_107.jpg, IMG/right_2017_01_09_19_40_54_107.jpg, 0, 0, 0, 6.233113
IMG/center_2017_01_09_19_40_54_208.jpg, IMG/left_2017_01_09_19_40_54_208.jpg, IMG/right_2017_01_09_19_40_54_208.jpg, 0, 0, 0, 6.173313
IMG/center_2017_01_09_19_40_54_308.jpg, IMG/left_2017_01_09_19_40_54_308.jpg, IMG/right_2017_01_09_19_40_54_308.jpg, 0, 0, 0, 6.114475
IMG/center_2017_01_09_19_40_54_410.jpg, IMG/left_2017_01_09_19_40_54_410.jpg, IMG/right_2017_01_09_19_40_54_410.jpg, 0, 0, 0, 6.056405
IMG/center_2017_01_09_19_40_54_511.jpg, IMG/left_2017_01_09_19_40_54_511.jpg, IMG/right_2017_01_09_19_40_54_511.jpg, 0, 0, 0, 5.998935
IMG/center_2017_01_09_19_40_54_614.jpg, IMG/left_2017_01_09_19_40_54_614.jpg, IMG/right_2017_01_09_19_40_54_614.jpg, 0, 0, 0, 5.942035
IMG/center_2017_01_09_19_40_54_713.jpg, IMG/left_2017_01_09_19_40_54_713.jpg, IMG/right_2017_01_09_19_40_54_713.jpg, 0, 0, 0, 5.8857
IMG/center_2017_01_09_19_40_54_814.jpg, IMG/left_2017_01_09_19_40_54_814.jpg, IMG/right_2017_01_09_19_40_54_814.jpg, 0, 0, 0, 5.829926
IMG/center_2017_01_09_19_40_54_914.jpg, IMG/left_2017_01_09_19_40_54_914.jpg, IMG/right_2017_01_09_19_40_54_914.jpg, 0, 0, 0, 5.774252
IMG/center_2017_01_09_19_40_55_017.jpg, IMG/left_2017_01_09_19_40_55_017.jpg, IMG/right_2017_01_09_19_40_55_017.jpg, 0, 0, 0, 5.718504
IMG/center_2017_01_09_19_40_55_123.jpg, IMG/left_2017_01_09_19_40_55_123.jpg, IMG/right_2017_01_09_19_40_55_123.jpg, 0, 0, 0, 5.652346
IMG/center_2017_01_09_19_41_43_964.jpg, IMG/left_2017_01_09_19_41_43_964.jpg, IMG/right_2017_01_09_19_41_43_964.jpg, 0, 0, 0, 0.000310782
IMG/center_2017_01_09_19_41_44_066.jpg, IMG/left_2017_01_09_19_41_44_066.jpg, IMG/right_2017_01_09_19_41_44_066.jpg, 0, 0, 0, 0.0003110116
IMG/center_2017_01_09_19_41_44_172.jpg, IMG/left_2017_01_09_19_41_44_172.jpg, IMG/right_2017_01_09_19_41_44_172.jpg, 0, 0, 0, 0.0003103215
IMG/center_2017_01_09_19_41_44_273.jpg, IMG/left_2017_01_09_19_41_44_273.jpg, IMG/right_2017_01_09_19_41_44_273.jpg, 0, 0, 0, 0.0003107748
IMG/center_2017_01_09_19_41_44_376.jpg, IMG/left_2017_01_09_19_41_44_376.jpg, IMG/right_2017_01_09_19_41_44_376.jpg, 0.09051007, 0, 0, 0.0003050246
IMG/center_2017_01_09_19_41_44_480.jpg, IMG/left_2017_01_09_19_41_44_480.jpg, IMG/right_2017_01_09_19_41_44_480.jpg, 0.441135, 0, 0, 0.0002748581
IMG/center_2017_01_09_19_41_44_586.jpg, IMG/left_2017_01_09_19_41_44_586.jpg, IMG/right_2017_01_09_19_41_44_586.jpg, 0.6327839, 0.2170801, 0, 0.1010213
IMG/center_2017_01_09_19_41_44_691.jpg, IMG/left_2017_01_09_19_41_44_691.jpg, IMG/right_2017_01_09_19_41_44_691.jpg, 0.3356281, 0.514236, 0, 0.5474491
IMG/center_2017_01_09_19_41_44_798.jpg, IMG/left_2017_01_09_19_41_44_798.jpg, IMG/right_2017_01_09_19_41_44_798.jpg, 0.04242593, 0.8074381, 0, 1.305985
IMG/center_2017_01_09_19_41_44_903.jpg, IMG/left_2017_01_09_19_41_44_903.jpg, IMG/right_2017_01_09_19_41_44_903.jpg, 0.4053569, 1, 0, 2.70001
IMG/center_2017_01_09_19_41_45_016.jpg, IMG/left_2017_01_09_19_41_45_016.jpg, IMG/right_2017_01_09_19_41_45_016.jpg, 0.4374297, 1, 0, 3.852269
IMG/center_2017_01_09_19_41_45_120.jpg, IMG/left_2017_01_09_19_41_45_120.jpg, IMG/right_2017_01_09_19_41_45_120.jpg, 0.3063356, 1, 0, 5.251952
IMG/center_2017_01_09_19_41_45_226.jpg, IMG/left_2017_01_09_19_41_45_226.jpg, IMG/right_2017_01_09_19_41_45_226.jpg, 0.6045896, 1, 0, 6.36527
IMG/center_2017_01_09_19_41_45_330.jpg, IMG/left_2017_01_09_19_41_45_330.jpg, IMG/right_2017_01_09_19_41_45_330.jpg, 0.4948495, 1, 0, 7.480985
IMG/center_2017_01_09_19_41_45_435.jpg, IMG/left_2017_01_09_19_41_45_435.jpg, IMG/right_2017_01_09_19_41_45_435.jpg, 0.2072065, 1, 0, 8.621607
IMG/center_2017_01_09_19_41_45_537.jpg, IMG/left_2017_01_09_19_41_45_537.jpg, IMG/right_2017_01_09_19_41_45_537.jpg, 0, 1, 0, 9.726901
IMG/center_2017_01_09_19_41_45_644.jpg, IMG/left_2017_01_09_19_41_45_644.jpg, IMG/right_2017_01_09_19_41_45_644.jpg, 0, 1, 0, 11.05416
IMG/center_2017_01_09_19_41_45_772.jpg, IMG/left_2017_01_09_19_41_45_772.jpg, IMG/right_2017_01_09_19_41_45_772.jpg, 0, 1, 0, 12.02894
IMG/center_2017_01_09_19_41_45_870.jpg, IMG/left_2017_01_09_19_41_45_870.jpg, IMG/right_2017_01_09_19_41_45_870.jpg, 0, 1, 0, 13.43101
IMG/center_2017_01_09_19_41_45_970.jpg, IMG/left_2017_01_09_19_41_45_970.jpg, IMG/right_2017_01_09_19_41_45_970.jpg, 0.3048481, 1, 0, 14.47885
IMG/center_2017_01_09_19_41_46_076.jpg, IMG/left_2017_01_09_19_41_46_076.jpg, IMG/right_2017_01_09_19_41_46_076.jpg, 0.594552, 1, 0, 15.39988
IMG/center_2017_01_09_19_41_46_178.jpg, IMG/left_2017_01_09_19_41_46_178.jpg, IMG/right_2017_01_09_19_41_46_178.jpg, 0.5063851, 0.978049, 0, 16.23477
IMG/center_2017_01_09_19_41_46_284.jpg, IMG/left_2017_01_09_19_41_46_284.jpg, IMG/right_2017_01_09_19_41_46_284.jpg, 0.1507441, 0.6224079, 0, 17.37066
IMG/center_2017_01_09_19_41_46_384.jpg, IMG/left_2017_01_09_19_41_46_384.jpg, IMG/right_2017_01_09_19_41_46_384.jpg, 0, 0.3221559, 0, 17.70813
IMG/center_2017_01_09_19_41_46_487.jpg, IMG/left_2017_01_09_19_41_46_487.jpg, IMG/right_2017_01_09_19_41_46_487.jpg, 0, 0.03563195, 0, 17.67061
IMG/center_2017_01_09_19_41_46_590.jpg, IMG/left_2017_01_09_19_41_46_590.jpg, IMG/right_2017_01_09_19_41_46_590.jpg, 0, 0, 0, 17.553
IMG/center_2017_01_09_19_41_49_627.jpg, IMG/left_2017_01_09_19_41_49_627.jpg, IMG/right_2017_01_09_19_41_49_627.jpg, -0.161028, 0, 0, 12.73675
IMG/center_2017_01_09_19_41_49_728.jpg, IMG/left_2017_01_09_19_41_49_728.jpg, IMG/right_2017_01_09_19_41_49_728.jpg, -0.463944, 0, 0, 12.57417
IMG/center_2017_01_09_19_41_49_830.jpg, IMG/left_2017_01_09_19_41_49_830.jpg, IMG/right_2017_01_09_19_41_49_830.jpg, -0.76899, 0, 0, 12.20476
IMG/center_2017_01_09_19_41_49_935.jpg, IMG/left_2017_01_09_19_41_49_935.jpg, IMG/right_2017_01_09_19_41_49_935.jpg, -1, 0, 0, 12.01013
IMG/center_2017_01_09_19_41_50_038.jpg, IMG/left_2017_01_09_19_41_50_038.jpg, IMG/right_2017_01_09_19_41_50_038.jpg, -0.724702, 0, 0, 11.8078
IMG/center_2017_01_09_19_41_50_145.jpg, IMG/left_2017_01_09_19_41_50_145.jpg, IMG/right_2017_01_09_19_41_50_145.jpg, -0.371221, 0, 0, 11.60731
IMG/center_2017_01_09_19_41_50_247.jpg, IMG/left_2017_01_09_19_41_50_247.jpg, IMG/right_2017_01_09_19_41_50_247.jpg, -0.06730294, 0, 0, 11.70526
IMG/center_2017_01_09_19_41_50_348.jpg, IMG/left_2017_01_09_19_41_50_348.jpg, IMG/right_2017_01_09_19_41_50_348.jpg, 0, 0, 0, 11.40609
IMG/center_2017_01_09_19_41_50_452.jpg, IMG/left_2017_01_09_19_41_50_452.jpg, IMG/right_2017_01_09_19_41_50_452.jpg, 0, 0, 0, 11.52131
IMG/center_2017_01_09_19_41_50_556.jpg, IMG/left_2017_01_09_19_41_50_556.jpg, IMG/right_2017_01_09_19_41_50_556.jpg, 0, 0, 0, 11.29622
IMG/center_2017_01_09_19_41_50_657.jpg, IMG/left_2017_01_09_19_41_50_657.jpg, IMG/right_2017_01_09_19_41_50_657.jpg, 0, 0, 0, 11.14294
IMG/center_2017_01_09_19_41_50_766.jpg, IMG/left_2017_01_09_19_41_50_766.jpg, IMG/right_2017_01_09_19_41_50_766.jpg, -0.04974908, 0, 0, 11.03569
IMG/center_2017_01_09_19_41_50_870.jpg, IMG/left_2017_01_09_19_41_50_870.jpg, IMG/right_2017_01_09_19_41_50_870.jpg, -0.3381361, 0, 0, 10.88697
IMG/center_2017_01_09_19_41_50_975.jpg, IMG/left_2017_01_09_19_41_50_975.jpg, IMG/right_2017_01_09_19_41_50_975.jpg, -0.2448751, 0, 0, 10.73926
IMG/center_2017_01_09_19_41_51_077.jpg, IMG/left_2017_01_09_19_41_51_077.jpg, IMG/right_2017_01_09_19_41_51_077.jpg, 0, 0, 0, 10.62496
IMG/center_2017_01_09_19_41_51_183.jpg, IMG/left_2017_01_09_19_41_51_183.jpg, IMG/right_2017_01_09_19_41_51_183.jpg, 0, 0, 0, 10.49242
IMG/center_2017_01_09_19_41_55_123.jpg, IMG/left_2017_01_09_19_41_55_123.jpg, IMG/right_2017_01_09_19_41_55_123.jpg, 0.1268939, 0, 0, 15.0637
IMG/center_2017_01_09_19_41_55_226.jpg, IMG/left_2017_01_09_19_41_55_226.jpg, IMG/right_2017_01_09_19_41_55_226.jpg, 0.4367429, 0, 0, 14.84611
IMG/center_2017_01_09_19_41_55_330.jpg, IMG/left_2017_01_09_19_41_55_330.jpg, IMG/right_2017_01_09_19_41_55_330.jpg, 0.723984, 0, 0, 14.55461
IMG/center_2017_01_09_19_41_55_433.jpg, IMG/left_2017_01_09_19_41_55_433.jpg, IMG/right_2017_01_09_19_41_55_433.jpg, 1, 0, 0, 14.16149
IMG/center_2017_01_09_19_41_55_537.jpg, IMG/left_2017_01_09_19_41_55_537.jpg, IMG/right_2017_01_09_19_41_55_537.jpg, 0.694336, 0, 0, 13.94711
IMG/center_2017_01_09_19_41_55_638.jpg, IMG/left_2017_01_09_19_41_55_638.jpg, IMG/right_2017_01_09_19_41_55_638.jpg, 0.3988059, 0, 0, 13.84418
IMG/center_2017_01_09_19_41_55_746.jpg, IMG/left_2017_01_09_19_41_55_746.jpg, IMG/right_2017_01_09_19_41_55_746.jpg, 0.5762078, 0, 0, 13.65261
IMG/center_2017_01_09_19_41_55_847.jpg, IMG/left_2017_01_09_19_41_55_847.jpg, IMG/right_2017_01_09_19_41_55_847.jpg, 0.2942708, 0, 0, 13.52093
IMG/center_2017_01_09_19_41_55_950.jpg, IMG/left_2017_01_09_19_41_55_950.jpg, IMG/right_2017_01_09_19_41_55_950.jpg, 0, 0, 0, 13.38524
IMG/center_2017_01_09_19_41_56_055.jpg, IMG/left_2017_01_09_19_41_56_055.jpg, IMG/right_2017_01_09_19_41_56_055.jpg, 0, 0, 0, 13.27339
IMG/center_2017_01_09_19_41_56_161.jpg, IMG/left_2017_01_09_19_41_56_161.jpg, IMG/right_2017_01_09_19_41_56_161.jpg, 0, 0, 0, 13.05366
IMG/center_2017_01_09_19_41_56_265.jpg, IMG/left_2017_01_09_19_41_56_265.jpg, IMG/right_2017_01_09_19_41_56_265.jpg, 0.07667398, 0, 0, 12.91389
IMG/center_2017_01_09_19_41_56_369.jpg, IMG/left_2017_01_09_19_41_56_369.jpg, IMG/right_2017_01_09_19_41_56_369.jpg, 0.30888, 0, 0, 12.75233
IMG/center_2017_01_09_19_41_56_476.jpg, IMG/left_2017_01_09_19_41_56_476.jpg, IMG/right_2017_01_09_19_41_56_476.jpg, 0.00117588, 0, 0, 12.61872
IMG/center_2017_01_09_19_41_56_584.jpg, IMG/left_2017_01_09_19_41_56_584.jpg, IMG/right_2017_01_09_19_41_56_584.jpg, 0, 0, 0, 12.52145
IMG/center_2017_01_09_19_41_56_683.jpg, IMG/left_2017_01_09_19_41_56_683.jpg, IMG/right_2017_01_09_19_41_56_683.jpg, 0, 0, 0, 12.30283
IMG/center_2017_01_09_19_41_56_791.jpg, IMG/left_2017_01_09_19_41_56_791.jpg, IMG/right_2017_01_09_19_41_56_791.jpg, 0, 0, 0, 12.16688
IMG/center_2017_01_09_19_41_56_888.jpg, IMG/left_2017_01_09_19_41_56_888.jpg, IMG/right_2017_01_09_19_41_56_888.jpg, 0, 0, 0, 12.03702
IMG/center_2017_01_09_19_41_56_994.jpg, IMG/left_2017_01_09_19_41_56_994.jpg, IMG/right_2017_01_09_19_41_56_994.jpg, 0, 0, 0, 11.91945
IMG/center_2017_01_09_19_42_01_971.jpg, IMG/left_2017_01_09_19_42_01_971.jpg, IMG/right_2017_01_09_19_42_01_971.jpg, -0.0540601, 0, 0, 11.37097
IMG/center_2017_01_09_19_42_02_077.jpg, IMG/left_2017_01_09_19_42_02_077.jpg, IMG/right_2017_01_09_19_42_02_077.jpg, -0.3453031, 0, 0, 11.19192
IMG/center_2017_01_09_19_42_02_199.jpg, IMG/left_2017_01_09_19_42_02_199.jpg, IMG/right_2017_01_09_19_42_02_199.jpg, -0.762834, 0, 0, 10.89287
IMG/center_2017_01_09_19_42_02_308.jpg, IMG/left_2017_01_09_19_42_02_308.jpg, IMG/right_2017_01_09_19_42_02_308.jpg, -1, 0, 0, 10.54935
IMG/center_2017_01_09_19_42_04_257.jpg, IMG/left_2017_01_09_19_42_04_257.jpg, IMG/right_2017_01_09_19_42_04_257.jpg, 0, 0, 0, 9.345423
IMG/center_2017_01_09_19_42_04_361.jpg, IMG/left_2017_01_09_19_42_04_361.jpg, IMG/right_2017_01_09_19_42_04_361.jpg, 0, 0, 0, 9.239264
IMG/center_2017_01_09_19_42_04_465.jpg, IMG/left_2017_01_09_19_42_04_465.jpg, IMG/right_2017_01_09_19_42_04_465.jpg, 0, 0, 0, 9.148683
IMG/center_2017_01_09_19_42_04_587.jpg, IMG/left_2017_01_09_19_42_04_587.jpg, IMG/right_2017_01_09_19_42_04_587.jpg, 0, 0.2775241, 0, 9.243362
IMG/center_2017_01_09_19_42_04_702.jpg, IMG/left_2017_01_09_19_42_04_702.jpg, IMG/right_2017_01_09_19_42_04_702.jpg, 0, 0.623229, 0, 9.807116
IMG/center_2017_01_09_19_42_04_811.jpg, IMG/left_2017_01_09_19_42_04_811.jpg, IMG/right_2017_01_09_19_42_04_811.jpg, 0.2723041, 0.9520651, 0, 10.65335
IMG/center_2017_01_09_19_42_04_912.jpg, IMG/left_2017_01_09_19_42_04_912.jpg, IMG/right_2017_01_09_19_42_04_912.jpg, 0.426318, 1, 0, 11.50125
IMG/center_2017_01_09_19_42_05_018.jpg, IMG/left_2017_01_09_19_42_05_018.jpg, IMG/right_2017_01_09_19_42_05_018.jpg, 0.135696, 1, 0, 12.38285
IMG/center_2017_01_09_19_42_05_121.jpg, IMG/left_2017_01_09_19_42_05_121.jpg, IMG/right_2017_01_09_19_42_05_121.jpg, 0.272241, 1, 0, 13.87427
IMG/center_2017_01_09_19_42_05_229.jpg, IMG/left_2017_01_09_19_42_05_229.jpg, IMG/right_2017_01_09_19_42_05_229.jpg, 0.1283521, 1, 0, 15.03769
IMG/center_2017_01_09_19_42_05_332.jpg, IMG/left_2017_01_09_19_42_05_332.jpg, IMG/right_2017_01_09_19_42_05_332.jpg, 0, 1, 0, 16.11967
IMG/center_2017_01_09_19_42_05_437.jpg, IMG/left_2017_01_09_19_42_05_437.jpg, IMG/right_2017_01_09_19_42_05_437.jpg, 0, 1, 0, 17.16285
IMG/center_2017_01_09_19_42_05_550.jpg, IMG/left_2017_01_09_19_42_05_550.jpg, IMG/right_2017_01_09_19_42_05_550.jpg, 0, 1, 0, 18.41295
IMG/center_2017_01_09_19_42_05_655.jpg, IMG/left_2017_01_09_19_42_05_655.jpg, IMG/right_2017_01_09_19_42_05_655.jpg, 0, 1, 0, 19.44348
IMG/center_2017_01_09_19_42_05_759.jpg, IMG/left_2017_01_09_19_42_05_759.jpg, IMG/right_2017_01_09_19_42_05_759.jpg, 0.3426629, 1, 0, 20.60263
IMG/center_2017_01_09_19_42_05_863.jpg, IMG/left_2017_01_09_19_42_05_863.jpg, IMG/right_2017_01_09_19_42_05_863.jpg, 0.03116083, 1, 0, 21.59266
IMG/center_2017_01_09_19_42_05_980.jpg, IMG/left_2017_01_09_19_42_05_980.jpg, IMG/right_2017_01_09_19_42_05_980.jpg, 0, 1, 0, 22.7781
IMG/center_2017_01_09_19_42_06_082.jpg, IMG/left_2017_01_09_19_42_06_082.jpg, IMG/right_2017_01_09_19_42_06_082.jpg, 0, 1, 0, 23.75087
IMG/center_2017_01_09_19_42_06_193.jpg, IMG/left_2017_01_09_19_42_06_193.jpg, IMG/right_2017_01_09_19_42_06_193.jpg, 0, 1, 0, 24.72188
IMG/center_2017_01_09_19_42_06_313.jpg, IMG/left_2017_01_09_19_42_06_313.jpg, IMG/right_2017_01_09_19_42_06_313.jpg, 0, 1, 0, 25.87128
IMG/center_2017_01_09_19_42_06_421.jpg, IMG/left_2017_01_09_19_42_06_421.jpg, IMG/right_2017_01_09_19_42_06_421.jpg, 0, 1, 0, 27.00708
IMG/center_2017_01_09_19_42_06_527.jpg, IMG/left_2017_01_09_19_42_06_527.jpg, IMG/right_2017_01_09_19_42_06_527.jpg, 0, 1, 0, 27.94314
IMG/center_2017_01_09_19_42_06_627.jpg, IMG/left_2017_01_09_19_42_06_627.jpg, IMG/right_2017_01_09_19_42_06_627.jpg, 0, 1, 0, 28.86973
IMG/center_2017_01_09_19_42_06_736.jpg, IMG/left_2017_01_09_19_42_06_736.jpg, IMG/right_2017_01_09_19_42_06_736.jpg, 0, 1, 0, 29.78647
IMG/center_2017_01_09_19_42_06_841.jpg, IMG/left_2017_01_09_19_42_06_841.jpg, IMG/right_2017_01_09_19_42_06_841.jpg, -0.1178851, 1, 0, 30.18624
IMG/center_2017_01_09_19_42_06_945.jpg, IMG/left_2017_01_09_19_42_06_945.jpg, IMG/right_2017_01_09_19_42_06_945.jpg, -0.4321561, 0.744118, 0, 30.102
IMG/center_2017_01_09_19_42_07_062.jpg, IMG/left_2017_01_09_19_42_07_062.jpg, IMG/right_2017_01_09_19_42_07_062.jpg, -0.7808461, 0.3954279, 0, 29.9239
IMG/center_2017_01_09_19_42_07_165.jpg, IMG/left_2017_01_09_19_42_07_165.jpg, IMG/right_2017_01_09_19_42_07_165.jpg, -0.942274, 0.08666205, 0, 29.47302
IMG/center_2017_01_09_19_42_07_270.jpg, IMG/left_2017_01_09_19_42_07_270.jpg, IMG/right_2017_01_09_19_42_07_270.jpg, -0.627085, 0.2186819, 0, 29.13406
IMG/center_2017_01_09_19_42_07_374.jpg, IMG/left_2017_01_09_19_42_07_374.jpg, IMG/right_2017_01_09_19_42_07_374.jpg, -0.341893, 0.5038739, 0, 29.3245
IMG/center_2017_01_09_19_42_07_476.jpg, IMG/left_2017_01_09_19_42_07_476.jpg, IMG/right_2017_01_09_19_42_07_476.jpg, -0.03541005, 0.3600808, 0, 29.67261
IMG/center_2017_01_09_19_42_07_580.jpg, IMG/left_2017_01_09_19_42_07_580.jpg, IMG/right_2017_01_09_19_42_07_580.jpg, 0.2431621, 0.0206607, 0, 29.46675
IMG/center_2017_01_09_19_42_07_689.jpg, IMG/left_2017_01_09_19_42_07_689.jpg, IMG/right_2017_01_09_19_42_07_689.jpg, 0.542811, 0, 0, 28.93611
IMG/center_2017_01_09_19_42_07_797.jpg, IMG/left_2017_01_09_19_42_07_797.jpg, IMG/right_2017_01_09_19_42_07_797.jpg, 0.8609131, 0, 0, 28.24302
IMG/center_2017_01_09_19_42_07_899.jpg, IMG/left_2017_01_09_19_42_07_899.jpg, IMG/right_2017_01_09_19_42_07_899.jpg, 1, 0, 0, 27.44836
IMG/center_2017_01_09_19_42_08_000.jpg, IMG/left_2017_01_09_19_42_08_000.jpg, IMG/right_2017_01_09_19_42_08_000.jpg, 0.9455801, 0, 0, 26.70443
IMG/center_2017_01_09_19_42_08_105.jpg, IMG/left_2017_01_09_19_42_08_105.jpg, IMG/right_2017_01_09_19_42_08_105.jpg, 0.6277811, 0, 0, 26.44816
IMG/center_2017_01_09_19_42_08_208.jpg, IMG/left_2017_01_09_19_42_08_208.jpg, IMG/right_2017_01_09_19_42_08_208.jpg, -0.1830089, 0, 0, 26.04559
IMG/center_2017_01_09_19_42_08_328.jpg, IMG/left_2017_01_09_19_42_08_328.jpg, IMG/right_2017_01_09_19_42_08_328.jpg, -0.567684, 0, 0, 25.35827
IMG/center_2017_01_09_19_42_08_431.jpg, IMG/left_2017_01_09_19_42_08_431.jpg, IMG/right_2017_01_09_19_42_08_431.jpg, -0.8513639, 0, 0, 24.67814
IMG/center_2017_01_09_19_42_08_538.jpg, IMG/left_2017_01_09_19_42_08_538.jpg, IMG/right_2017_01_09_19_42_08_538.jpg, -0.5268209, 0, 0, 24.11036
IMG/center_2017_01_09_19_42_08_640.jpg, IMG/left_2017_01_09_19_42_08_640.jpg, IMG/right_2017_01_09_19_42_08_640.jpg, -0.5127806, 0, 0, 23.7981
IMG/center_2017_01_09_19_42_08_746.jpg, IMG/left_2017_01_09_19_42_08_746.jpg, IMG/right_2017_01_09_19_42_08_746.jpg, -0.8308076, 0, 0, 23.34805
IMG/center_2017_01_09_19_42_08_851.jpg, IMG/left_2017_01_09_19_42_08_851.jpg, IMG/right_2017_01_09_19_42_08_851.jpg, -0.6474415, 0, 0, 22.97129
IMG/center_2017_01_09_19_42_08_955.jpg, IMG/left_2017_01_09_19_42_08_955.jpg, IMG/right_2017_01_09_19_42_08_955.jpg, -0.3373135, 0, 0, 22.78612
IMG/center_2017_01_09_19_42_09_070.jpg, IMG/left_2017_01_09_19_42_09_070.jpg, IMG/right_2017_01_09_19_42_09_070.jpg, 0, 0, 0, 22.50849
IMG/center_2017_01_09_19_42_09_179.jpg, IMG/left_2017_01_09_19_42_09_179.jpg, IMG/right_2017_01_09_19_42_09_179.jpg, 0, 0, 0, 22.21754
IMG/center_2017_01_09_19_42_09_281.jpg, IMG/left_2017_01_09_19_42_09_281.jpg, IMG/right_2017_01_09_19_42_09_281.jpg, 0, 0, 0, 21.99
IMG/center_2017_01_09_19_42_09_383.jpg, IMG/left_2017_01_09_19_42_09_383.jpg, IMG/right_2017_01_09_19_42_09_383.jpg, 0, 0, 0, 21.76694
IMG/center_2017_01_09_19_42_09_490.jpg, IMG/left_2017_01_09_19_42_09_490.jpg, IMG/right_2017_01_09_19_42_09_490.jpg, 0, 0, 0, 21.54406
IMG/center_2017_01_09_19_42_09_600.jpg, IMG/left_2017_01_09_19_42_09_600.jpg, IMG/right_2017_01_09_19_42_09_600.jpg, 0, 0, 0, 21.28271
IMG/center_2017_01_09_19_42_09_710.jpg, IMG/left_2017_01_09_19_42_09_710.jpg, IMG/right_2017_01_09_19_42_09_710.jpg, 0, 0, 0, 21.06745
IMG/center_2017_01_09_19_42_09_819.jpg, IMG/left_2017_01_09_19_42_09_819.jpg, IMG/right_2017_01_09_19_42_09_819.jpg, 0, 0, 0, 20.85294
IMG/center_2017_01_09_19_42_09_928.jpg, IMG/left_2017_01_09_19_42_09_928.jpg, IMG/right_2017_01_09_19_42_09_928.jpg, 0, 0, 0, 20.60041
IMG/center_2017_01_09_19_42_10_030.jpg, IMG/left_2017_01_09_19_42_10_030.jpg, IMG/right_2017_01_09_19_42_10_030.jpg, 0, 0, 0, 20.39368
IMG/center_2017_01_09_19_42_10_140.jpg, IMG/left_2017_01_09_19_42_10_140.jpg, IMG/right_2017_01_09_19_42_10_140.jpg, 0, 0, 0, 20.15075
IMG/center_2017_01_09_19_42_10_241.jpg, IMG/left_2017_01_09_19_42_10_241.jpg, IMG/right_2017_01_09_19_42_10_241.jpg, 0, 0, 0, 19.94953
IMG/center_2017_01_09_19_42_10_348.jpg, IMG/left_2017_01_09_19_42_10_348.jpg, IMG/right_2017_01_09_19_42_10_348.jpg, 0, 0, 0, 19.7506
IMG/center_2017_01_09_19_42_10_452.jpg, IMG/left_2017_01_09_19_42_10_452.jpg, IMG/right_2017_01_09_19_42_10_452.jpg, 0, 0, 0, 19.55494
IMG/center_2017_01_09_19_42_10_932.jpg, IMG/left_2017_01_09_19_42_10_932.jpg, IMG/right_2017_01_09_19_42_10_932.jpg, 0, 0, 0, 18.71073
IMG/center_2017_01_09_19_42_11_036.jpg, IMG/left_2017_01_09_19_42_11_036.jpg, IMG/right_2017_01_09_19_42_11_036.jpg, 0, 0, 0, 18.60412
IMG/center_2017_01_09_19_42_11_137.jpg, IMG/left_2017_01_09_19_42_11_137.jpg, IMG/right_2017_01_09_19_42_11_137.jpg, 0, 0, 0, 18.22196
IMG/center_2017_01_09_19_42_11_244.jpg, IMG/left_2017_01_09_19_42_11_244.jpg, IMG/right_2017_01_09_19_42_11_244.jpg, 0, 0, 0, 18.34274
IMG/center_2017_01_09_19_42_11_348.jpg, IMG/left_2017_01_09_19_42_11_348.jpg, IMG/right_2017_01_09_19_42_11_348.jpg, 0, 0, 0, 18.16911
IMG/center_2017_01_09_19_42_11_459.jpg, IMG/left_2017_01_09_19_42_11_459.jpg, IMG/right_2017_01_09_19_42_11_459.jpg, 0, 0, 0, 17.48036
IMG/center_2017_01_09_19_42_11_568.jpg, IMG/left_2017_01_09_19_42_11_568.jpg, IMG/right_2017_01_09_19_42_11_568.jpg, 0, 0, 0, 17.82488
IMG/center_2017_01_09_19_42_11_669.jpg, IMG/left_2017_01_09_19_42_11_669.jpg, IMG/right_2017_01_09_19_42_11_669.jpg, 0, 0, 0, 17.61006
IMG/center_2017_01_09_19_42_11_779.jpg, IMG/left_2017_01_09_19_42_11_779.jpg, IMG/right_2017_01_09_19_42_11_779.jpg, 0, 0, 0, 16.90023
IMG/center_2017_01_09_19_42_12_114.jpg, IMG/left_2017_01_09_19_42_12_114.jpg, IMG/right_2017_01_09_19_42_12_114.jpg, 0, 0, 0, 16.84315
